{
  "name": "easyfacebook.jquery.js",
  "version": "0.0.13",
  "main": ["easyfacebook.jquery.css", "easyfacebook.jquery.js"],
  "dependencies": {
    "jquery": ">=1.5"
  },
  "ignore": [
    "examples/",
    "_notes/",
    ".git/",
    ".idea/",
    "*.zip",
    "css/",
    "js/",
    "images/",
    "old/",
    "src/",
    "tests/",
    "components/",
    "*.php",
    "*.html",	
    "*.txt",
    "**.php",
    "**.html",	
    "**.txt",
    "*.gitignore",
    "*.gitattributes",
    ".gitignore",
    ".gitattributes",
    "action.php",
    "base.php",
    "channel.html",
    "configs.php",
    "exemples.php",
    "index.php",
    "LICENSE-MIT.txt",
    "php.php"
  ]
} 
